{"song":{"songName":"bopeebo","songId":"bopeebo","player1":"bf","gfVersion":"gf","notes":[{"endTime":2400,"sectionNotes":[[94.9999999999998,2,0,false,0.158333333333333],[30,2,0,false,0.05],[5,2,0,false,0.00833333333333333],[1877.5,3,0,false,3.12916666666667],[1720,3,0,false,2.86666666666667],[1832.5,3,0,false,3.05416666666667],[1690,3,0,false,2.81666666666667],[1665,3,0,false,2.775],[1627.5,3,0,false,2.7125],[1577.5,3,0,false,2.62916666666667],[1537.5,3,0,false,2.5625],[1487.5,3,0,false,2.47916666666667],[1435,3,0,false,2.39166666666667],[1400,3,0,false,2.33333333333333],[1350,3,0,false,2.25],[1320,3,0,false,2.2],[1220,3,0,false,2.03333333333333],[1160,3,0,false,1.93333333333333],[1100,3,0,false,1.83333333333333],[1055,3,0,false,1.75833333333333],[982.5,3,0,false,1.6375],[904.999999999998,3,0,false,1.50833333333333],[855,3,0,false,1.425],[784.999999999998,3,0,false,1.30833333333333],[679.999999999998,3,0,false,1.13333333333333],[627.499999999998,3,0,false,1.04583333333333],[373.507381889764,0,0,false,0.622512303149607]],"lengthInSteps":16,"mustHitSection":false,"startTime":0},{"endTime":4800,"sectionNotes":[[2475,2,0,false,4.125],[2420,2,0,false,4.03333333333333],[2937.5,3,0,false,4.89583333333333],[3042.5,3,0,false,5.07083333333333],[3160,3,0,false,5.26666666666667],[3252.5,3,0,false,5.42083333333333],[4180,3,0,false,6.96666666666667],[3600,3,0,false,6],[3510,3,0,false,5.85],[3452.5,3,0,false,5.75416666666667],[3360,3,0,false,5.6],[4661.475,1,0,false,7.769125],[4600.05,1,0,false,7.66675],[4540.9,1,0,false,7.56816666666667],[4479.475,1,0,false,7.46579166666667],[4092.5,3,0,false,6.82083333333333],[3780,3,0,false,6.3],[3710,3,0,false,6.18333333333333],[3897.5,3,0,false,6.49583333333333],[4015,3,0,false,6.69166666666667]],"lengthInSteps":16,"mustHitSection":true,"startTime":2400},{"endTime":7200,"sectionNotes":[[5039.125,0,0,false,8.39854166666667],[5011.825,0,0,false,8.35304166666667],[4968.6,0,0,false,8.281],[4939.025,0,0,false,8.23170833333333],[5184.725,0,0,false,8.64120833333333],[5152.875,0,0,false,8.588125],[5937.75,3,0,false,9.89625],[5812.625,3,0,false,9.68770833333333],[5744.375,3,0,false,9.57395833333333],[5712.525,3,0,false,9.520875],[5651.1,3,0,false,9.4185],[5582.85,3,0,false,9.30475],[5510.05,3,0,false,9.18341666666667],[6845.475,1,0,false,11.409125],[6797.7,1,0,false,11.3295],[6738.55000000002,1,0,false,11.2309166666667],[6702.15,1,0,false,11.17025],[6668.025,1,0,false,11.113375],[6613.425,1,0,false,11.022375],[6588.40000000002,1,0,false,10.9806666666667],[7180.00000000002,0,0,false,11.9666666666667]],"lengthInSteps":16,"mustHitSection":false,"startTime":4800},{"endTime":9600,"sectionNotes":[[7414.99999999998,0,0,false,12.3583333333333],[7345.00000000002,0,0,false,12.2416666666667],[7279.99999999998,0,0,false,12.1333333333333],[7219.99999999998,0,0,false,12.0333333333333],[7905,3,0,false,13.175],[7832.50000000002,3,0,false,13.0541666666667],[7750.00000000002,3,0,false,12.9166666666667],[7680,3,0,false,12.8],[8290.00000000002,3,0,false,13.8166666666667],[8202.49999999998,3,0,false,13.6708333333333],[8137.5,3,0,false,13.5625],[8050.00000000002,3,0,false,13.4166666666667],[9289.99999999998,0,0,false,15.4833333333333],[9259.99999999998,0,0,false,15.4333333333333],[9117.49999999998,0,0,false,15.1958333333333],[9010.00000000002,0,0,false,15.0166666666667],[8944.99999999998,0,0,false,14.9083333333333],[8805,0,0,false,14.675],[8682.49999999998,0,0,false,14.4708333333333],[8584.99999999998,0,0,false,14.3083333333333]],"lengthInSteps":16,"mustHitSection":true,"startTime":7200},{"endTime":12000,"sectionNotes":[[10200,3,0,false,17],[10500,0,0,false,17.5],[9775.00000000002,1,0,false,16.2916666666667],[9902.50000000002,1,0,false,16.5041666666667],[9715.00000000002,1,0,false,16.1916666666667],[9640.00000000002,1,0,false,16.0666666666667],[10312.5,3,0,false,17.1875],[10240,2,0,false,17.0666666666667],[10437.5,0,0,false,17.3958333333333],[10472.5,1,0,false,17.4541666666667],[11122.5,1,0,false,18.5375],[11022.5,1,0,false,18.3708333333333],[10917.5,1,0,false,18.1958333333333],[11267.5,1,0,false,18.7791666666667],[11392.5,1,0,false,18.9875],[10847.5,1,0,false,18.0791666666667]],"lengthInSteps":16,"mustHitSection":false,"startTime":9600},{"endTime":14400,"sectionNotes":[[12600,3,0,false,21],[12900,0,0,false,21.5],[12242.5,1,0,false,20.4041666666667],[12145,1,0,false,20.2416666666667],[12047.5,1,0,false,20.0791666666667],[12345,1,0,false,20.575],[12707.5,3,0,false,21.1791666666667],[12655,2,0,false,21.0916666666667],[12815,0,0,false,21.3583333333333],[12877.5,1,0,false,21.4625],[13857.5,1,0,false,23.0958333333333],[13730,1,0,false,22.8833333333333],[13640,1,0,false,22.7333333333333],[13547.5,1,0,false,22.5791666666667],[13475,1,0,false,22.4583333333333],[13372.5,1,0,false,22.2875],[13302.5,1,0,false,22.1708333333333],[13205,1,0,false,22.0083333333333]],"lengthInSteps":16,"mustHitSection":true,"startTime":12000},{"endTime":16800,"sectionNotes":[[14700,1,0,false,24.5],[15300,0,0,false,25.5],[14432.5,2,0,false,24.0541666666667],[14450,3,0,false,24.0833333333333],[14630,1,0,false,24.3833333333333],[14677.5,0,0,false,24.4625],[14705,2,0,false,24.5083333333333],[15250,0,0,false,25.4166666666667],[15305,1,0,false,25.5083333333333],[15362.5,2,0,false,25.6041666666667],[15447.5,3,0,false,25.7458333333333],[15732.5,2,0,false,26.2208333333333],[15870,2,0,false,26.45],[16122.5,2,0,false,26.8708333333333],[16020,2,0,false,26.7],[16255,2,0,false,27.0916666666667],[15640,2,0,false,26.0666666666667]],"lengthInSteps":16,"mustHitSection":false,"startTime":14400},{"endTime":19200,"sectionNotes":[[16800,3,0,false,28],[17100,1,0,false,28.5],[17700,0,0,false,29.5],[16940,0,0,false,28.2333333333333],[16922.5,1,0,false,28.2041666666667],[16882.5,2,0,false,28.1375],[17215,0,0,false,28.6916666666667],[17067.5,2,0,false,28.4458333333333],[16992.5,3,0,false,28.3208333333333],[17635,0,0,false,29.3916666666667],[17610,1,0,false,29.35],[17542.5,2,0,false,29.2375],[17490,3,0,false,29.15],[18142.5,0,0,false,30.2375],[18130,1,0,false,30.2166666666667],[18037.5,3,0,false,30.0625],[18130,2,0,false,30.2166666666667],[18272.5,2,0,false,30.4541666666667],[18402.5,2,0,false,30.6708333333333],[18520,2,0,false,30.8666666666667],[18632.5,2,0,false,31.0541666666667],[18030,2,0,false,30.05]],"lengthInSteps":16,"mustHitSection":true,"startTime":16800},{"endTime":21600,"sectionNotes":[[19297.5,0,0],[19203.75,0,0],[19590,3,0],[19500,3,0],[19428.75,2,0],[19740,1,0],[19890,1,0],[20478.75,1,0],[20370,1,0],[20253.75,1,0],[20141.25,1,0],[20062.5,1,0],[20673.75,1,0],[21105,1,0],[20985,1,0],[20838.75,1,0]],"lengthInSteps":16,"mustHitSection":false,"startTime":19200},{"endTime":24000,"sectionNotes":[[21600,0,0,false,36],[21900,3,0,false,36.5],[22200,1,900,false,37],[23160,1,0],[22998.75,1,0],[22871.25,1,0],[22751.25,1,0],[22657.5,1,0],[22571.25,1,0],[22443.75,1,0],[22353.75,1,0],[21780,0,0],[22065,3,0]],"lengthInSteps":16,"mustHitSection":true,"startTime":21600},{"endTime":26400,"sectionNotes":[[24000,1,0,false,40],[24300,3,0,false,40.5],[24180,1,0],[24487.5,3,0],[25410,0,0],[25263.75,0,0],[25076.25,0,0],[24982.5,0,0],[24862.5,0,0],[24776.25,0,0],[24648.75,0,0]],"lengthInSteps":16,"mustHitSection":false,"startTime":24000},{"endTime":28800,"sectionNotes":[[26400,1,0,false,44],[26700,3,0,false,44.5],[26550,1,0],[26868.75,3,0],[27633.75,0,0],[27566.25,0,0],[27412.5,0,0],[27228.75,0,0],[27172.5,0,0],[27802.5,0,0],[27963.75,0,0],[27018.75,0,0]],"lengthInSteps":16,"mustHitSection":true,"startTime":26400},{"endTime":31200,"sectionNotes":[[28935,2,0],[28848.75,2,0],[29235,3,0],[29148.75,3,0],[29868.75,0,0],[29782.5,0,0],[29647.5,0,0],[29557.5,0,0],[30075,0,0],[30457.5,0,0],[30611.25,0,0],[30378.75,0,0],[29426.25,0,0]],"lengthInSteps":16,"mustHitSection":false,"startTime":28800},{"endTime":33600,